1.jpg,3
2.jpg,3
3.jpg,1
4.jpg,6
5.jpg,1
6.jpg,1
7.jpg,2
8.jpg,4
9.jpg,3
10.jpg,6
11.jpg,6
12.jpg,4
13.jpg,1
14.jpg,3
15.jpg,1
16.jpg,5
17.jpg,1
18.jpg,3
19.jpg,3
20.jpg,5
21.jpg,1
22.jpg,1
23.jpg,5
24.jpg,1
25.jpg,1
26.jpg,4
27.jpg,3
28.jpg,6
29.jpg,2
30.jpg,1
31.jpg,1
32.jpg,2
33.jpg,2
34.jpg,3
35.jpg,1
36.jpg,1
37.jpg,1
38.jpg,5
39.jpg,5
40.jpg,1
41.jpg,2
42.jpg,5
43.jpg,5
44.jpg,6
45.jpg,5
46.jpg,2
47.jpg,2
48.jpg,3
49.jpg,1
50.jpg,5
51.jpg,6
52.jpg,3
53.jpg,1
54.jpg,5
55.jpg,6
56.jpg,5
57.jpg,6
58.jpg,3
59.jpg,3
60.jpg,1
61.jpg,3
62.jpg,4
63.jpg,4
64.jpg,1
65.jpg,6
66.jpg,3
67.jpg,6
68.jpg,6
69.jpg,3
70.jpg,3
71.jpg,1
72.jpg,4
73.jpg,2
74.jpg,5
75.jpg,2
76.jpg,1
77.jpg,5
78.jpg,5
79.jpg,1
80.jpg,2
81.jpg,1
82.jpg,1
83.jpg,5
84.jpg,5
85.jpg,1
86.jpg,3
87.jpg,5
88.jpg,6
89.jpg,5
90.jpg,3
91.jpg,2
92.jpg,5
93.jpg,1
94.jpg,4
95.jpg,3
96.jpg,6
97.jpg,1
98.jpg,5
99.jpg,2
100.jpg,3
101.jpg,3
102.jpg,2
103.jpg,3
104.jpg,4
105.jpg,2
106.jpg,3
107.jpg,5
108.jpg,1
109.jpg,2
110.jpg,2
111.jpg,1
112.jpg,5
113.jpg,5
114.jpg,3
115.jpg,1
116.jpg,1
117.jpg,1
118.jpg,1
119.jpg,3
120.jpg,4
121.jpg,3
122.jpg,3
123.jpg,5
124.jpg,5
125.jpg,3
126.jpg,6
127.jpg,5
128.jpg,3
129.jpg,5
130.jpg,5
131.jpg,4
132.jpg,2
133.jpg,1
134.jpg,6
135.jpg,1
136.jpg,3
137.jpg,5
138.jpg,5
139.jpg,2
140.jpg,4
141.jpg,2
142.jpg,6
143.jpg,4
144.jpg,2
145.jpg,2
146.jpg,6
147.jpg,4
148.jpg,2
149.jpg,6
150.jpg,1
151.jpg,1
152.jpg,5
153.jpg,5
154.jpg,6
155.jpg,2
156.jpg,2
157.jpg,1
158.jpg,3
159.jpg,2
160.jpg,1
161.jpg,3
162.jpg,4
163.jpg,2
164.jpg,5
165.jpg,5
166.jpg,5
167.jpg,5
168.jpg,6
169.jpg,1
170.jpg,5
171.jpg,6
172.jpg,5
173.jpg,6
174.jpg,2
175.jpg,5
176.jpg,1
177.jpg,6
178.jpg,5
179.jpg,2
180.jpg,6
181.jpg,3
182.jpg,5
183.jpg,5
184.jpg,5
185.jpg,3
186.jpg,5
187.jpg,3
188.jpg,2
189.jpg,4
190.jpg,4
191.jpg,1
192.jpg,2
193.jpg,3
194.jpg,4
195.jpg,5
196.jpg,2
197.jpg,1
198.jpg,5
199.jpg,1
200.jpg,4
201.jpg,6
202.jpg,1
203.jpg,3
204.jpg,3
205.jpg,1
206.jpg,6
207.jpg,1
208.jpg,1
209.jpg,5
210.jpg,3
211.jpg,3
212.jpg,1
213.jpg,3
214.jpg,4
215.jpg,2
216.jpg,2
217.jpg,1
218.jpg,6
219.jpg,6
220.jpg,5
221.jpg,2
222.jpg,3
223.jpg,5
224.jpg,6
225.jpg,3
226.jpg,2
227.jpg,6
228.jpg,2
229.jpg,3
230.jpg,3
231.jpg,2
232.jpg,1
233.jpg,5
234.jpg,4
235.jpg,1
236.jpg,5
237.jpg,2
238.jpg,4
239.jpg,2
240.jpg,4
241.jpg,1
242.jpg,4
243.jpg,5
244.jpg,2
245.jpg,2
246.jpg,5
247.jpg,1
248.jpg,3
249.jpg,4
250.jpg,5
251.jpg,2
252.jpg,6
253.jpg,1
254.jpg,5
255.jpg,1
256.jpg,2
257.jpg,6
258.jpg,3
259.jpg,3
260.jpg,4
261.jpg,3
262.jpg,6
263.jpg,3
264.jpg,2
265.jpg,3
266.jpg,5
267.jpg,2
268.jpg,5
269.jpg,2
270.jpg,4
271.jpg,3
272.jpg,5
273.jpg,6
274.jpg,1
275.jpg,2
276.jpg,1
277.jpg,3
278.jpg,1
279.jpg,5
280.jpg,3
281.jpg,2
282.jpg,3
283.jpg,1
284.jpg,6
285.jpg,5
286.jpg,2
287.jpg,6
288.jpg,5
289.jpg,1
290.jpg,2
291.jpg,3
292.jpg,2
293.jpg,3
294.jpg,3
295.jpg,2
296.jpg,5
297.jpg,5
298.jpg,2
299.jpg,5
300.jpg,6
301.jpg,3
302.jpg,2
303.jpg,3
304.jpg,5
305.jpg,1
306.jpg,3
307.jpg,3
308.jpg,6
309.jpg,3
310.jpg,2
311.jpg,2
312.jpg,4
313.jpg,3
314.jpg,2
315.jpg,4
316.jpg,6
317.jpg,2
318.jpg,1
319.jpg,3
320.jpg,6
321.jpg,1
322.jpg,6
323.jpg,5
324.jpg,3
325.jpg,5
326.jpg,1
327.jpg,5
328.jpg,2
329.jpg,1
330.jpg,4
331.jpg,2
332.jpg,2
333.jpg,5
334.jpg,3
335.jpg,5
336.jpg,6
337.jpg,3
338.jpg,2
339.jpg,5
340.jpg,2
341.jpg,1
342.jpg,3
343.jpg,1
344.jpg,3
345.jpg,3
346.jpg,6
347.jpg,5
348.jpg,1
349.jpg,6
350.jpg,1
351.jpg,1
352.jpg,1
353.jpg,6
354.jpg,6
355.jpg,1
356.jpg,5
357.jpg,2
358.jpg,2
359.jpg,3
360.jpg,3
361.jpg,3
362.jpg,6
363.jpg,5
364.jpg,5
365.jpg,3
366.jpg,2
367.jpg,1
368.jpg,1
369.jpg,1
370.jpg,3
371.jpg,2
372.jpg,4
373.jpg,2
374.jpg,2
375.jpg,2
376.jpg,3
377.jpg,6
378.jpg,3
379.jpg,3
380.jpg,4
381.jpg,2
382.jpg,3
383.jpg,1
384.jpg,3
385.jpg,1
386.jpg,2
387.jpg,6
388.jpg,5
389.jpg,4
390.jpg,2
391.jpg,1
392.jpg,5
393.jpg,1
394.jpg,6
395.jpg,2
396.jpg,4
397.jpg,1
398.jpg,3
399.jpg,4
400.jpg,5
401.jpg,1
402.jpg,2
403.jpg,6
404.jpg,3
405.jpg,3
406.jpg,2
407.jpg,6
408.jpg,4
409.jpg,2
410.jpg,5
411.jpg,6
412.jpg,1
413.jpg,2
414.jpg,6
415.jpg,1
416.jpg,5
417.jpg,1
418.jpg,5
419.jpg,2
420.jpg,4
421.jpg,1
422.jpg,2
423.jpg,5
424.jpg,2
425.jpg,3
426.jpg,3
427.jpg,3
428.jpg,6
429.jpg,2
430.jpg,3
431.jpg,1
432.jpg,4
433.jpg,3
434.jpg,3
435.jpg,5
436.jpg,5
437.jpg,5
438.jpg,3
439.jpg,5
440.jpg,5
441.jpg,1
442.jpg,1
443.jpg,5
444.jpg,4
445.jpg,3
446.jpg,4
447.jpg,3
448.jpg,5
449.jpg,3
450.jpg,3
451.jpg,3
452.jpg,5
453.jpg,5
454.jpg,6
455.jpg,4
456.jpg,1
457.jpg,2
458.jpg,6
459.jpg,5
460.jpg,6
461.jpg,1
462.jpg,3
463.jpg,3
464.jpg,5
465.jpg,1
466.jpg,1
467.jpg,5
468.jpg,3
469.jpg,1
470.jpg,5
471.jpg,5
472.jpg,6
473.jpg,1
474.jpg,2
475.jpg,2
476.jpg,5
477.jpg,5
478.jpg,5
479.jpg,4
480.jpg,2
481.jpg,3
482.jpg,5
483.jpg,1
484.jpg,5
485.jpg,1
486.jpg,1
487.jpg,5
488.jpg,5
489.jpg,2
490.jpg,5
491.jpg,1
492.jpg,5
493.jpg,2
494.jpg,5
495.jpg,5
496.jpg,1
497.jpg,1
498.jpg,1
499.jpg,6
500.jpg,5
501.jpg,2
502.jpg,3
503.jpg,6
504.jpg,1
505.jpg,1
506.jpg,1
507.jpg,1
508.jpg,1
509.jpg,2
510.jpg,1
511.jpg,5
512.jpg,3
513.jpg,1
514.jpg,1
515.jpg,1
516.jpg,5
517.jpg,1
518.jpg,4
519.jpg,1
520.jpg,1
521.jpg,2
522.jpg,5
523.jpg,1
524.jpg,2
525.jpg,5
526.jpg,1
527.jpg,5
528.jpg,5
529.jpg,5
530.jpg,5
531.jpg,3
532.jpg,6
533.jpg,2
534.jpg,4
535.jpg,2
536.jpg,3
537.jpg,1
538.jpg,1
539.jpg,6
540.jpg,6
541.jpg,6
542.jpg,3
543.jpg,1
544.jpg,3
545.jpg,6
546.jpg,5
547.jpg,1
548.jpg,3
549.jpg,2
550.jpg,3
551.jpg,1
552.jpg,3
553.jpg,5
554.jpg,2
555.jpg,5
556.jpg,2
557.jpg,2
558.jpg,4
559.jpg,1
560.jpg,4
561.jpg,1
562.jpg,4
563.jpg,5
564.jpg,5
565.jpg,3
566.jpg,6
567.jpg,1
568.jpg,2
569.jpg,1
570.jpg,1
571.jpg,1
572.jpg,5
573.jpg,2
574.jpg,1
575.jpg,5
576.jpg,6
577.jpg,2
578.jpg,2
579.jpg,3
580.jpg,3
581.jpg,6
582.jpg,1
583.jpg,5
584.jpg,4
585.jpg,2
586.jpg,5
587.jpg,3
588.jpg,5
589.jpg,1
590.jpg,5
591.jpg,3
592.jpg,3
593.jpg,2
594.jpg,3
595.jpg,5
596.jpg,5
597.jpg,6
598.jpg,2
599.jpg,2
600.jpg,5
601.jpg,3
602.jpg,5
603.jpg,6
604.jpg,5
605.jpg,5
606.jpg,5
607.jpg,5
608.jpg,5
609.jpg,5
610.jpg,5
611.jpg,6
612.jpg,3
613.jpg,3
614.jpg,5
615.jpg,2
616.jpg,2
617.jpg,1
618.jpg,5
619.jpg,2
620.jpg,5
621.jpg,1
622.jpg,3
623.jpg,2
624.jpg,4
625.jpg,3
626.jpg,5
627.jpg,2
628.jpg,6
629.jpg,6
630.jpg,4
631.jpg,2
632.jpg,1
633.jpg,3
634.jpg,6
635.jpg,6
636.jpg,1
637.jpg,3
638.jpg,4
639.jpg,5
640.jpg,1
641.jpg,1
642.jpg,4
643.jpg,5
644.jpg,6
645.jpg,3
646.jpg,2
647.jpg,4
648.jpg,5
649.jpg,3
650.jpg,2
651.jpg,1
652.jpg,4
653.jpg,6
654.jpg,2
655.jpg,5
656.jpg,2
657.jpg,3
658.jpg,6
659.jpg,6
660.jpg,3
661.jpg,2
662.jpg,5
663.jpg,4
664.jpg,5
665.jpg,1
666.jpg,6
667.jpg,2
668.jpg,5
669.jpg,6
670.jpg,6
671.jpg,6
672.jpg,4
673.jpg,3
674.jpg,3
675.jpg,2
676.jpg,3
677.jpg,5
678.jpg,4
679.jpg,6
680.jpg,2
681.jpg,3
682.jpg,5
683.jpg,4
684.jpg,3
685.jpg,5
686.jpg,5
687.jpg,5
688.jpg,5
689.jpg,2
690.jpg,5
691.jpg,1
692.jpg,2
693.jpg,1
694.jpg,6
695.jpg,5
696.jpg,6
697.jpg,1
698.jpg,2
699.jpg,5
700.jpg,1
701.jpg,3
702.jpg,6
703.jpg,2
704.jpg,1
705.jpg,2
706.jpg,1
707.jpg,6
708.jpg,4
709.jpg,1
710.jpg,1
711.jpg,1
712.jpg,2
713.jpg,1
714.jpg,5
715.jpg,2
716.jpg,3
717.jpg,3
718.jpg,2
719.jpg,5
720.jpg,6
721.jpg,3
722.jpg,3
723.jpg,6
724.jpg,2
725.jpg,2
726.jpg,3
727.jpg,1
728.jpg,2
729.jpg,2
730.jpg,5
731.jpg,2
732.jpg,2
733.jpg,2
734.jpg,5
735.jpg,5
736.jpg,2
737.jpg,2
738.jpg,2
739.jpg,1
740.jpg,2
741.jpg,3
742.jpg,6
743.jpg,3
744.jpg,5
745.jpg,3
746.jpg,5
747.jpg,3
748.jpg,5
749.jpg,1
750.jpg,5
751.jpg,2
752.jpg,3
753.jpg,6
754.jpg,5
755.jpg,4
756.jpg,1
757.jpg,3
758.jpg,5
759.jpg,5
760.jpg,2
761.jpg,3
762.jpg,2
763.jpg,3
764.jpg,3
765.jpg,4
766.jpg,1
767.jpg,6
768.jpg,4
769.jpg,1
770.jpg,4
771.jpg,1
772.jpg,5
773.jpg,3
774.jpg,1
775.jpg,5
776.jpg,1
777.jpg,2
778.jpg,6
779.jpg,2
780.jpg,6
781.jpg,3
782.jpg,2
783.jpg,6
784.jpg,6
785.jpg,1
786.jpg,6
787.jpg,3
788.jpg,4
789.jpg,2
790.jpg,3
791.jpg,1
792.jpg,6
793.jpg,3
794.jpg,5
795.jpg,4
796.jpg,5
797.jpg,5
798.jpg,3
799.jpg,2
800.jpg,6
801.jpg,3
802.jpg,5
803.jpg,2
804.jpg,3
805.jpg,3
806.jpg,5
807.jpg,1
808.jpg,3
809.jpg,2
810.jpg,4
811.jpg,3
812.jpg,5
813.jpg,5
814.jpg,2
815.jpg,2
816.jpg,2
817.jpg,2
818.jpg,5
819.jpg,3
820.jpg,5
821.jpg,1
822.jpg,3
823.jpg,1
824.jpg,5
825.jpg,1
826.jpg,3
827.jpg,1
828.jpg,5
829.jpg,3
830.jpg,5
831.jpg,6
832.jpg,4
833.jpg,2
834.jpg,5
835.jpg,6
836.jpg,3
837.jpg,3
838.jpg,4
839.jpg,1
840.jpg,3
841.jpg,3
842.jpg,4
843.jpg,1
844.jpg,1
845.jpg,5
846.jpg,5
847.jpg,1
848.jpg,5
849.jpg,2
850.jpg,5
851.jpg,1
852.jpg,6
853.jpg,2
854.jpg,1
855.jpg,5
856.jpg,2
857.jpg,3
858.jpg,5
859.jpg,3
860.jpg,1
861.jpg,1
862.jpg,5
863.jpg,2
864.jpg,2
865.jpg,3
866.jpg,6
867.jpg,2
868.jpg,5
869.jpg,1
870.jpg,2
871.jpg,2
872.jpg,5
873.jpg,6
874.jpg,6
875.jpg,2
876.jpg,5
877.jpg,1
878.jpg,4
879.jpg,2
880.jpg,4
881.jpg,3
882.jpg,5
883.jpg,2
884.jpg,6
885.jpg,2
886.jpg,1
887.jpg,3
888.jpg,2
889.jpg,3
890.jpg,6
891.jpg,1
892.jpg,2
893.jpg,1
894.jpg,5
895.jpg,6
896.jpg,5
897.jpg,3
898.jpg,5
899.jpg,2
900.jpg,3
901.jpg,3
902.jpg,4
903.jpg,4
904.jpg,5
905.jpg,1
906.jpg,5
907.jpg,2
908.jpg,5
909.jpg,2
910.jpg,1
911.jpg,6
912.jpg,2
913.jpg,3
914.jpg,6
915.jpg,5
916.jpg,2
917.jpg,5
918.jpg,5
919.jpg,2
920.jpg,3
921.jpg,1
922.jpg,3
923.jpg,1
924.jpg,2
925.jpg,1
926.jpg,3
927.jpg,6
928.jpg,5
929.jpg,1
930.jpg,1
931.jpg,1
932.jpg,2
933.jpg,6
934.jpg,2
935.jpg,3
936.jpg,3
937.jpg,5
938.jpg,4
939.jpg,4
940.jpg,6
941.jpg,3
942.jpg,5
943.jpg,1
944.jpg,1
945.jpg,6
946.jpg,1
947.jpg,3
948.jpg,4
949.jpg,3
950.jpg,4
951.jpg,1
952.jpg,4
953.jpg,1
954.jpg,4
955.jpg,3
956.jpg,2
957.jpg,4
958.jpg,6
959.jpg,4
960.jpg,1
961.jpg,1
962.jpg,4
963.jpg,1
964.jpg,1
965.jpg,5
966.jpg,2
967.jpg,2
968.jpg,2
969.jpg,1
970.jpg,1
971.jpg,5
972.jpg,4
973.jpg,1
974.jpg,5
975.jpg,5
976.jpg,5
977.jpg,3
978.jpg,5
979.jpg,2
980.jpg,5
981.jpg,2
982.jpg,3
983.jpg,4
984.jpg,5
985.jpg,1
986.jpg,6
987.jpg,4
988.jpg,3
989.jpg,2
990.jpg,5
991.jpg,2
992.jpg,5
993.jpg,3
994.jpg,6
995.jpg,2
996.jpg,1
997.jpg,3
998.jpg,5
999.jpg,5
1000.jpg,2
1001.jpg,3
1002.jpg,1
1003.jpg,2
1004.jpg,3
1005.jpg,1
1006.jpg,1
1007.jpg,5
1008.jpg,2
1009.jpg,1
1010.jpg,4
1011.jpg,2
1012.jpg,1
1013.jpg,6
1014.jpg,4
1015.jpg,3
1016.jpg,4
1017.jpg,3
1018.jpg,2
1019.jpg,1
1020.jpg,3
1021.jpg,5
1022.jpg,4
1023.jpg,1
1024.jpg,2
1025.jpg,1
1026.jpg,3
1027.jpg,6
1028.jpg,5
1029.jpg,4
1030.jpg,4
1031.jpg,5
1032.jpg,4
1033.jpg,1
1034.jpg,6
1035.jpg,1
1036.jpg,3
1037.jpg,1
1038.jpg,4
1039.jpg,3
1040.jpg,6
1041.jpg,1
1042.jpg,2
1043.jpg,3
1044.jpg,6
1045.jpg,1
1046.jpg,6
1047.jpg,6
1048.jpg,6
1049.jpg,1
1050.jpg,5
1051.jpg,3
1052.jpg,3
1053.jpg,1
1054.jpg,6
1055.jpg,5
1056.jpg,2
1057.jpg,3
1058.jpg,1
1059.jpg,6
1060.jpg,1
1061.jpg,1
1062.jpg,5
1063.jpg,6
1064.jpg,5
1065.jpg,2
1066.jpg,1
1067.jpg,3
1068.jpg,2
1069.jpg,5
1070.jpg,4
1071.jpg,6
1072.jpg,5
1073.jpg,1
1074.jpg,1
1075.jpg,1
1076.jpg,2
1077.jpg,4
1078.jpg,1
1079.jpg,2
1080.jpg,3
1081.jpg,1
1082.jpg,6
1083.jpg,6
1084.jpg,6
1085.jpg,1
1086.jpg,1
1087.jpg,1
1088.jpg,3
1089.jpg,3
1090.jpg,3
1091.jpg,2
1092.jpg,2
1093.jpg,1
1094.jpg,4
1095.jpg,2
1096.jpg,2
1097.jpg,3
1098.jpg,3
1099.jpg,5
1100.jpg,3
1101.jpg,2
1102.jpg,5
1103.jpg,3
1104.jpg,4
1105.jpg,3
1106.jpg,5
1107.jpg,5
1108.jpg,6
1109.jpg,2
1110.jpg,5
1111.jpg,3
1112.jpg,5
1113.jpg,6
1114.jpg,5
1115.jpg,6
1116.jpg,4
1117.jpg,6
1118.jpg,2
1119.jpg,5
1120.jpg,5
1121.jpg,1
1122.jpg,6
1123.jpg,5
1124.jpg,4
1125.jpg,3
1126.jpg,3
1127.jpg,4
1128.jpg,5
1129.jpg,1
1130.jpg,3
1131.jpg,3
1132.jpg,3
1133.jpg,5
1134.jpg,6
1135.jpg,1
1136.jpg,6
1137.jpg,1
1138.jpg,2
1139.jpg,1
1140.jpg,3
1141.jpg,1
1142.jpg,5
1143.jpg,5
1144.jpg,5
1145.jpg,5
1146.jpg,3
1147.jpg,2
1148.jpg,5
1149.jpg,1
1150.jpg,1
1151.jpg,1
1152.jpg,6
1153.jpg,1
1154.jpg,5
1155.jpg,2
1156.jpg,3
1157.jpg,2
1158.jpg,5
1159.jpg,1
1160.jpg,4
1161.jpg,2
1162.jpg,4
1163.jpg,5
1164.jpg,2
1165.jpg,3
1166.jpg,1
1167.jpg,6
1168.jpg,5
1169.jpg,2
1170.jpg,4
1171.jpg,3
1172.jpg,4
1173.jpg,2
1174.jpg,2
1175.jpg,5
1176.jpg,1
1177.jpg,3
1178.jpg,6
1179.jpg,5
1180.jpg,5
1181.jpg,1
1182.jpg,3
1183.jpg,1
1184.jpg,5
1185.jpg,1
1186.jpg,3
1187.jpg,6
1188.jpg,4
1189.jpg,6
1190.jpg,2
1191.jpg,1
1192.jpg,1
1193.jpg,2
1194.jpg,4
1195.jpg,6
1196.jpg,5
1197.jpg,2
1198.jpg,2
1199.jpg,1
1200.jpg,5
1201.jpg,3
1202.jpg,5
1203.jpg,3
1204.jpg,2
1205.jpg,5
1206.jpg,4
1207.jpg,1
1208.jpg,3
1209.jpg,6
1210.jpg,1
1211.jpg,3
1212.jpg,5
1213.jpg,2
1214.jpg,5
1215.jpg,5
1216.jpg,1
1217.jpg,2
1218.jpg,4
1219.jpg,1
1220.jpg,5
1221.jpg,1
1222.jpg,3
1223.jpg,3
1224.jpg,3
1225.jpg,2
1226.jpg,5
1227.jpg,2
1228.jpg,2
1229.jpg,2
1230.jpg,6
1231.jpg,2
1232.jpg,6
1233.jpg,5
1234.jpg,3
1235.jpg,2
1236.jpg,6
1237.jpg,3
1238.jpg,3
1239.jpg,5
1240.jpg,3
1241.jpg,3
1242.jpg,3
1243.jpg,1
1244.jpg,3
1245.jpg,5
1246.jpg,1
1247.jpg,6
1248.jpg,3
1249.jpg,1
1250.jpg,3
1251.jpg,3
1252.jpg,5
1253.jpg,5
1254.jpg,4
1255.jpg,1
1256.jpg,2
1257.jpg,2
1258.jpg,2
1259.jpg,3
1260.jpg,5
1261.jpg,2
1262.jpg,5
1263.jpg,2
1264.jpg,2
1265.jpg,5
1266.jpg,4
1267.jpg,1
1268.jpg,5
1269.jpg,5
1270.jpg,4
1271.jpg,5
1272.jpg,5
1273.jpg,5
1274.jpg,6
1275.jpg,2
1276.jpg,1
1277.jpg,6
1278.jpg,5
1279.jpg,3
1280.jpg,6
1281.jpg,3
1282.jpg,5
1283.jpg,5
1284.jpg,3
1285.jpg,1
1286.jpg,4
1287.jpg,1
1288.jpg,5
1289.jpg,2
1290.jpg,5
1291.jpg,1
1292.jpg,4
1293.jpg,2
1294.jpg,5
1295.jpg,5
1296.jpg,5
1297.jpg,1
1298.jpg,2
1299.jpg,1
1300.jpg,6
1301.jpg,1
1302.jpg,5
1303.jpg,6
1304.jpg,3
1305.jpg,1
1306.jpg,5
1307.jpg,1
1308.jpg,2
1309.jpg,1
1310.jpg,1
1311.jpg,6
1312.jpg,2
1313.jpg,3
1314.jpg,4
1315.jpg,3
1316.jpg,4
1317.jpg,5
1318.jpg,3
1319.jpg,5
1320.jpg,5
1321.jpg,3
1322.jpg,2
1323.jpg,1
1324.jpg,2
1325.jpg,2
1326.jpg,1
1327.jpg,1
1328.jpg,3
1329.jpg,1
1330.jpg,5
1331.jpg,2
1332.jpg,1
1333.jpg,1
1334.jpg,5
1335.jpg,2
1336.jpg,2
1337.jpg,6
1338.jpg,3
1339.jpg,1
1340.jpg,5
1341.jpg,1
1342.jpg,5
1343.jpg,1
1344.jpg,3
1345.jpg,3
1346.jpg,3
1347.jpg,4
1348.jpg,1
1349.jpg,5
1350.jpg,1
1351.jpg,3
1352.jpg,1
1353.jpg,3
1354.jpg,2
1355.jpg,1
1356.jpg,3
1357.jpg,6
1358.jpg,5
1359.jpg,4
1360.jpg,5
1361.jpg,2
1362.jpg,4
1363.jpg,1
1364.jpg,4
1365.jpg,5
1366.jpg,2
1367.jpg,4
1368.jpg,3
1369.jpg,2
1370.jpg,4
1371.jpg,3
1372.jpg,3
1373.jpg,4
1374.jpg,4
1375.jpg,5
1376.jpg,5
1377.jpg,3
1378.jpg,2
1379.jpg,5
1380.jpg,5
1381.jpg,3
1382.jpg,5
1383.jpg,4
1384.jpg,2
1385.jpg,6
1386.jpg,6
1387.jpg,3
1388.jpg,1
1389.jpg,3
1390.jpg,3
1391.jpg,1
1392.jpg,4
1393.jpg,3
1394.jpg,4
1395.jpg,1
1396.jpg,3
1397.jpg,1
1398.jpg,2
1399.jpg,2
1400.jpg,2
1401.jpg,3
1402.jpg,1
1403.jpg,1
1404.jpg,6
1405.jpg,6
1406.jpg,6
1407.jpg,5
1408.jpg,6
1409.jpg,6
1410.jpg,3
1411.jpg,2
1412.jpg,3
1413.jpg,4
1414.jpg,5
1415.jpg,6
1416.jpg,2
1417.jpg,6
1418.jpg,3
1419.jpg,5
1420.jpg,1
1421.jpg,2
1422.jpg,5
1423.jpg,2
1424.jpg,3
1425.jpg,5
1426.jpg,1
1427.jpg,5
1428.jpg,5
1429.jpg,1
1430.jpg,3
1431.jpg,3
1432.jpg,1
1433.jpg,3
1434.jpg,5
1435.jpg,1
1436.jpg,5
1437.jpg,1
1438.jpg,1
1439.jpg,3
1440.jpg,4
1441.jpg,3
1442.jpg,4
1443.jpg,6
1444.jpg,1
1445.jpg,6
1446.jpg,4
1447.jpg,2
1448.jpg,1
1449.jpg,5
1450.jpg,6
1451.jpg,2
1452.jpg,5
1453.jpg,1
1454.jpg,5
1455.jpg,5
1456.jpg,2
1457.jpg,5
1458.jpg,4
1459.jpg,1
1460.jpg,2
1461.jpg,1
1462.jpg,5
1463.jpg,3
1464.jpg,5
1465.jpg,1
1466.jpg,4
1467.jpg,1
1468.jpg,4
1469.jpg,5
1470.jpg,3
1471.jpg,2
1472.jpg,6
1473.jpg,2
1474.jpg,5
1475.jpg,5
1476.jpg,4
1477.jpg,3
1478.jpg,4
1479.jpg,5
1480.jpg,4
1481.jpg,3
1482.jpg,3
1483.jpg,6
1484.jpg,4
1485.jpg,1
1486.jpg,1
1487.jpg,5
1488.jpg,1
1489.jpg,2
1490.jpg,2
1491.jpg,3
1492.jpg,2
1493.jpg,3
1494.jpg,4
1495.jpg,4
1496.jpg,6
1497.jpg,2
1498.jpg,5
1499.jpg,5
1500.jpg,3
1501.jpg,3
1502.jpg,3
1503.jpg,4
1504.jpg,2
1505.jpg,3
1506.jpg,3
1507.jpg,2
1508.jpg,1
1509.jpg,5
1510.jpg,6
1511.jpg,1
1512.jpg,4
1513.jpg,1
1514.jpg,4
1515.jpg,5
1516.jpg,5
1517.jpg,1
1518.jpg,5
1519.jpg,5
1520.jpg,5
1521.jpg,3
1522.jpg,6
1523.jpg,2
1524.jpg,6
1525.jpg,1
1526.jpg,2
1527.jpg,3
1528.jpg,4
1529.jpg,1
1530.jpg,4
1531.jpg,1
1532.jpg,4
1533.jpg,1
1534.jpg,4
1535.jpg,5
1536.jpg,1
1537.jpg,3
1538.jpg,3
1539.jpg,5
1540.jpg,5
1541.jpg,3
1542.jpg,5
1543.jpg,1
1544.jpg,1
1545.jpg,6
1546.jpg,3
1547.jpg,2
1548.jpg,5
1549.jpg,3
1550.jpg,5
1551.jpg,5
1552.jpg,1
1553.jpg,3
1554.jpg,2
1555.jpg,3
1556.jpg,5
1557.jpg,6
1558.jpg,5
1559.jpg,5
1560.jpg,4
1561.jpg,1
1562.jpg,3
1563.jpg,5
1564.jpg,2
1565.jpg,3
1566.jpg,5
1567.jpg,6
1568.jpg,3
1569.jpg,6
1570.jpg,1
1571.jpg,5
1572.jpg,5
1573.jpg,1
1574.jpg,4
1575.jpg,2
1576.jpg,1
1577.jpg,6
1578.jpg,5
1579.jpg,1
1580.jpg,4
1581.jpg,3
1582.jpg,4
1583.jpg,5
1584.jpg,6
1585.jpg,3
1586.jpg,4
1587.jpg,4
1588.jpg,2
1589.jpg,5
1590.jpg,3
1591.jpg,3
1592.jpg,1
1593.jpg,3
1594.jpg,5
1595.jpg,1
1596.jpg,5
1597.jpg,6
1598.jpg,3
1599.jpg,3
1600.jpg,5
1601.jpg,3
1602.jpg,2
1603.jpg,3
1604.jpg,4
1605.jpg,5
1606.jpg,3
1607.jpg,5
1608.jpg,4
1609.jpg,1
1610.jpg,3
1611.jpg,2
1612.jpg,6
1613.jpg,2
1614.jpg,3
1615.jpg,1
1616.jpg,1
1617.jpg,5
1618.jpg,2
1619.jpg,5
1620.jpg,3
1621.jpg,3
1622.jpg,5
1623.jpg,2
1624.jpg,1
1625.jpg,2
1626.jpg,5
1627.jpg,2
1628.jpg,4
1629.jpg,5
1630.jpg,2
1631.jpg,2
1632.jpg,3
1633.jpg,3
1634.jpg,2
1635.jpg,5
1636.jpg,3
1637.jpg,1
1638.jpg,5
1639.jpg,1
1640.jpg,1
1641.jpg,3
1642.jpg,3
1643.jpg,2
1644.jpg,4
1645.jpg,2
1646.jpg,3
1647.jpg,1
1648.jpg,2
1649.jpg,3
1650.jpg,4
1651.jpg,1
1652.jpg,4
1653.jpg,4
1654.jpg,2
1655.jpg,1
1656.jpg,2
1657.jpg,1
1658.jpg,4
1659.jpg,5
1660.jpg,4
1661.jpg,2
1662.jpg,4
1663.jpg,6
1664.jpg,5
1665.jpg,3
1666.jpg,1
1667.jpg,2
1668.jpg,5
1669.jpg,1
1670.jpg,1
1671.jpg,5
1672.jpg,1
1673.jpg,1
1674.jpg,6
1675.jpg,1
1676.jpg,3
1677.jpg,1
1678.jpg,2
1679.jpg,3
1680.jpg,4
1681.jpg,1
1682.jpg,3
1683.jpg,5
1684.jpg,5
1685.jpg,5
1686.jpg,4
1687.jpg,5
1688.jpg,5
1689.jpg,2
1690.jpg,4
1691.jpg,5
1692.jpg,6
1693.jpg,3
1694.jpg,3
1695.jpg,5
1696.jpg,5
1697.jpg,1
1698.jpg,4
1699.jpg,1
1700.jpg,5
1701.jpg,2
1702.jpg,2
1703.jpg,6
1704.jpg,5
1705.jpg,3
1706.jpg,2
1707.jpg,5
1708.jpg,3
1709.jpg,5
1710.jpg,4
1711.jpg,1
1712.jpg,1
1713.jpg,2
1714.jpg,2
1715.jpg,1
1716.jpg,3
1717.jpg,1
1718.jpg,5
1719.jpg,3
1720.jpg,2
1721.jpg,3
1722.jpg,6
1723.jpg,5
1724.jpg,5
1725.jpg,1
1726.jpg,2
1727.jpg,2
1728.jpg,5
1729.jpg,3
1730.jpg,4
1731.jpg,5
1732.jpg,1
1733.jpg,2
1734.jpg,3
1735.jpg,2
1736.jpg,5
1737.jpg,6
1738.jpg,2
1739.jpg,4
1740.jpg,1
1741.jpg,3
1742.jpg,4
1743.jpg,5
1744.jpg,2
1745.jpg,1
1746.jpg,1
1747.jpg,2
1748.jpg,5
1749.jpg,5
1750.jpg,5
1751.jpg,2
1752.jpg,4
1753.jpg,2
1754.jpg,4
1755.jpg,5
1756.jpg,2
1757.jpg,6
1758.jpg,3
1759.jpg,5
1760.jpg,1
1761.jpg,3
1762.jpg,2
1763.jpg,5
1764.jpg,5
1765.jpg,6
1766.jpg,1
1767.jpg,1
1768.jpg,3
1769.jpg,2
1770.jpg,3
1771.jpg,3
1772.jpg,2
1773.jpg,5
1774.jpg,2
1775.jpg,3
1776.jpg,5
1777.jpg,3
1778.jpg,5
1779.jpg,2
1780.jpg,2
1781.jpg,3
1782.jpg,2
1783.jpg,5
1784.jpg,2
1785.jpg,1
1786.jpg,1
1787.jpg,2
1788.jpg,4
1789.jpg,2
1790.jpg,4
1791.jpg,5
1792.jpg,5
1793.jpg,3
1794.jpg,4
1795.jpg,1
1796.jpg,4
1797.jpg,2
1798.jpg,6
1799.jpg,6
1800.jpg,5
1801.jpg,3
1802.jpg,2
1803.jpg,5
1804.jpg,3
1805.jpg,6
1806.jpg,6
1807.jpg,2
1808.jpg,3
1809.jpg,3
1810.jpg,5
1811.jpg,2
1812.jpg,5
1813.jpg,3
1814.jpg,4
1815.jpg,1
1816.jpg,1
1817.jpg,3
1818.jpg,5
1819.jpg,2
1820.jpg,5
1821.jpg,2
1822.jpg,5
1823.jpg,5
1824.jpg,2
1825.jpg,3
1826.jpg,5
1827.jpg,1
1828.jpg,2
1829.jpg,6
1830.jpg,6
1831.jpg,1
1832.jpg,5
1833.jpg,6
1834.jpg,1
1835.jpg,3
1836.jpg,5
1837.jpg,3
1838.jpg,4
1839.jpg,5
1840.jpg,5
1841.jpg,3
1842.jpg,3
1843.jpg,3
1844.jpg,6
1845.jpg,5
1846.jpg,1
1847.jpg,2
1848.jpg,3
1849.jpg,1
1850.jpg,3
1851.jpg,6
1852.jpg,3
1853.jpg,6
1854.jpg,3
1855.jpg,2
1856.jpg,2
1857.jpg,2
1858.jpg,5
1859.jpg,6
1860.jpg,4
1861.jpg,3
1862.jpg,1
1863.jpg,5
1864.jpg,6
1865.jpg,3
1866.jpg,1
1867.jpg,5
1868.jpg,5
1869.jpg,3
1870.jpg,2
1871.jpg,2
1872.jpg,6
1873.jpg,1
1874.jpg,5
1875.jpg,5
1876.jpg,5
1877.jpg,1
1878.jpg,4
1879.jpg,3
1880.jpg,2
1881.jpg,1
1882.jpg,5
1883.jpg,5
1884.jpg,2
1885.jpg,5
1886.jpg,2
1887.jpg,6
1888.jpg,1
1889.jpg,1
1890.jpg,3
1891.jpg,1
1892.jpg,2
1893.jpg,2
1894.jpg,1
1895.jpg,4
1896.jpg,3
1897.jpg,3
1898.jpg,5
1899.jpg,1
1900.jpg,3
1901.jpg,5
1902.jpg,1
1903.jpg,3
1904.jpg,5
1905.jpg,2
1906.jpg,5
1907.jpg,2
1908.jpg,5
1909.jpg,2
1910.jpg,2
1911.jpg,1
1912.jpg,4
1913.jpg,3
1914.jpg,6
1915.jpg,5
1916.jpg,3
1917.jpg,2
1918.jpg,2
1919.jpg,6
1920.jpg,5
1921.jpg,3
1922.jpg,6
1923.jpg,1
1924.jpg,5
1925.jpg,6
1926.jpg,1
1927.jpg,2
1928.jpg,5
1929.jpg,3
1930.jpg,2
1931.jpg,3
1932.jpg,5
1933.jpg,1
1934.jpg,5
1935.jpg,1
1936.jpg,5
1937.jpg,5
1938.jpg,5
1939.jpg,1
1940.jpg,3
1941.jpg,5
1942.jpg,2
1943.jpg,2
1944.jpg,2
1945.jpg,3
1946.jpg,5
1947.jpg,3
1948.jpg,3
1949.jpg,6
1950.jpg,4
1951.jpg,1
1952.jpg,6
1953.jpg,1
1954.jpg,6
1955.jpg,6
1956.jpg,4
1957.jpg,1
1958.jpg,2
1959.jpg,3
1960.jpg,2
1961.jpg,1
1962.jpg,4
1963.jpg,3
1964.jpg,3
1965.jpg,3
1966.jpg,3
1967.jpg,1
1968.jpg,6
1969.jpg,1
1970.jpg,5
1971.jpg,1
1972.jpg,5
1973.jpg,1
1974.jpg,6
1975.jpg,6
1976.jpg,2
1977.jpg,3
1978.jpg,4
1979.jpg,5
1980.jpg,6
1981.jpg,1
1982.jpg,5
1983.jpg,5
1984.jpg,2
1985.jpg,6
1986.jpg,1
1987.jpg,1
1988.jpg,4
1989.jpg,6
1990.jpg,5
1991.jpg,1
1992.jpg,1
1993.jpg,2
1994.jpg,3
1995.jpg,6
1996.jpg,1
1997.jpg,1
1998.jpg,2
1999.jpg,1
2000.jpg,3
2001.jpg,1
2002.jpg,3
2003.jpg,4
2004.jpg,4
2005.jpg,2
2006.jpg,2
2007.jpg,3
2008.jpg,6
2009.jpg,1
2010.jpg,4
2011.jpg,3
2012.jpg,3
2013.jpg,3
2014.jpg,2
2015.jpg,5
2016.jpg,1
2017.jpg,2
2018.jpg,1
2019.jpg,3
2020.jpg,1
2021.jpg,3
2022.jpg,1
2023.jpg,1
2024.jpg,4
2025.jpg,3
2026.jpg,1
2027.jpg,5
2028.jpg,5
2029.jpg,1
2030.jpg,1
2031.jpg,3
2032.jpg,5
2033.jpg,2
2034.jpg,4
2035.jpg,2
2036.jpg,2
2037.jpg,6
2038.jpg,5
2039.jpg,3
2040.jpg,1
2041.jpg,3
2042.jpg,4
2043.jpg,3
2044.jpg,2
2045.jpg,3
2046.jpg,6
2047.jpg,3
2048.jpg,5
2049.jpg,1
2050.jpg,2
2051.jpg,1
2052.jpg,5
2053.jpg,3
2054.jpg,4
2055.jpg,5
2056.jpg,5
2057.jpg,2
2058.jpg,4
2059.jpg,5
2060.jpg,2
2061.jpg,5
2062.jpg,6
2063.jpg,2
2064.jpg,4
2065.jpg,1
2066.jpg,1
2067.jpg,1
2068.jpg,6
2069.jpg,2
2070.jpg,3
2071.jpg,3
2072.jpg,3
2073.jpg,2
2074.jpg,2
2075.jpg,5
2076.jpg,5
2077.jpg,5
2078.jpg,1
2079.jpg,5
2080.jpg,3
2081.jpg,3
2082.jpg,2
2083.jpg,6
2084.jpg,5
2085.jpg,2
2086.jpg,2
2087.jpg,5
2088.jpg,4
2089.jpg,1
2090.jpg,3
2091.jpg,1
2092.jpg,3
2093.jpg,1
2094.jpg,1
2095.jpg,5
2096.jpg,1
2097.jpg,2
2098.jpg,3
2099.jpg,6
2100.jpg,3
2101.jpg,3
2102.jpg,1
2103.jpg,3
2104.jpg,4
2105.jpg,6
2106.jpg,2
2107.jpg,6
2108.jpg,2
2109.jpg,4
2110.jpg,4
2111.jpg,6
2112.jpg,5
2113.jpg,2
2114.jpg,1
2115.jpg,5
2116.jpg,3
2117.jpg,1
2118.jpg,4
2119.jpg,1
2120.jpg,3
2121.jpg,2
2122.jpg,1
2123.jpg,3
2124.jpg,5
2125.jpg,2
2126.jpg,5
2127.jpg,1
2128.jpg,6
2129.jpg,6
2130.jpg,2
2131.jpg,6
2132.jpg,1
2133.jpg,4
2134.jpg,1
2135.jpg,3
2136.jpg,3
2137.jpg,1
2138.jpg,5
2139.jpg,6
2140.jpg,3
2141.jpg,2
2142.jpg,4
2143.jpg,6
2144.jpg,3
2145.jpg,2
2146.jpg,1
2147.jpg,3
2148.jpg,1
2149.jpg,1
2150.jpg,6
2151.jpg,2
2152.jpg,5
2153.jpg,5
2154.jpg,5
2155.jpg,3
2156.jpg,1
2157.jpg,1
2158.jpg,2
2159.jpg,4
2160.jpg,5
2161.jpg,1
2162.jpg,5
2163.jpg,1
2164.jpg,2
2165.jpg,6
2166.jpg,5
2167.jpg,5
2168.jpg,5
2169.jpg,1
2170.jpg,5
2171.jpg,1
2172.jpg,5
2173.jpg,1
2174.jpg,1
2175.jpg,1
2176.jpg,1
2177.jpg,1
2178.jpg,5
2179.jpg,1
2180.jpg,4
2181.jpg,3
2182.jpg,1
2183.jpg,1
2184.jpg,2
2185.jpg,3
2186.jpg,4
2187.jpg,4
2188.jpg,2
2189.jpg,1
2190.jpg,4
2191.jpg,3
2192.jpg,3
2193.jpg,2
2194.jpg,2
2195.jpg,6
2196.jpg,2
2197.jpg,3
2198.jpg,5
2199.jpg,1
2200.jpg,6
2201.jpg,1
2202.jpg,5
2203.jpg,5
2204.jpg,4
2205.jpg,3
2206.jpg,2
2207.jpg,2
2208.jpg,5
2209.jpg,1
2210.jpg,3
2211.jpg,1
2212.jpg,5
2213.jpg,5
2214.jpg,5
2215.jpg,3
2216.jpg,1
2217.jpg,2
2218.jpg,1
2219.jpg,2
2220.jpg,1
2221.jpg,3
2222.jpg,5
2223.jpg,5
2224.jpg,1
2225.jpg,3
2226.jpg,5
2227.jpg,3
2228.jpg,3
2229.jpg,6
2230.jpg,4
2231.jpg,5
2232.jpg,3
2233.jpg,1
2234.jpg,5
2235.jpg,1
2236.jpg,1
2237.jpg,4
2238.jpg,5
2239.jpg,3
2240.jpg,5
2241.jpg,3
2242.jpg,5
2243.jpg,5
2244.jpg,4
2245.jpg,3
2246.jpg,5
2247.jpg,3
2248.jpg,1
2249.jpg,2
2250.jpg,5
2251.jpg,1
2252.jpg,3
2253.jpg,1
2254.jpg,1
2255.jpg,2
2256.jpg,5
2257.jpg,2
2258.jpg,5
2259.jpg,5
2260.jpg,2
2261.jpg,3
2262.jpg,6
2263.jpg,1
2264.jpg,5
2265.jpg,2
2266.jpg,6
2267.jpg,3
2268.jpg,5
2269.jpg,1
2270.jpg,5
2271.jpg,2
2272.jpg,5
2273.jpg,2
2274.jpg,4
2275.jpg,1
2276.jpg,5
2277.jpg,3
2278.jpg,5
2279.jpg,1
2280.jpg,5
2281.jpg,3
2282.jpg,6
2283.jpg,2
2284.jpg,1
2285.jpg,2
2286.jpg,1
2287.jpg,1
2288.jpg,2
2289.jpg,5
2290.jpg,5
2291.jpg,6
2292.jpg,1
2293.jpg,2
2294.jpg,2
2295.jpg,4
2296.jpg,5
2297.jpg,5
2298.jpg,6
2299.jpg,1
2300.jpg,4
2301.jpg,3
2302.jpg,5
2303.jpg,2
2304.jpg,5
2305.jpg,3
2306.jpg,6
2307.jpg,6
2308.jpg,5
2309.jpg,5
2310.jpg,4
2311.jpg,1
2312.jpg,2
2313.jpg,5
2314.jpg,1
2315.jpg,3
2316.jpg,1
2317.jpg,5
2318.jpg,6
2319.jpg,3
2320.jpg,5
2321.jpg,1
2322.jpg,5
2323.jpg,6
2324.jpg,4
2325.jpg,2
2326.jpg,1
2327.jpg,5
2328.jpg,3
2329.jpg,3
2330.jpg,6
2331.jpg,6
2332.jpg,6
2333.jpg,6
2334.jpg,3
2335.jpg,2
2336.jpg,2
2337.jpg,1
2338.jpg,2
2339.jpg,1
2340.jpg,1
2341.jpg,1
2342.jpg,5
2343.jpg,3
2344.jpg,5
2345.jpg,3
2346.jpg,4
2347.jpg,5
2348.jpg,1
2349.jpg,1
2350.jpg,2
2351.jpg,1
2352.jpg,5
2353.jpg,1
2354.jpg,3
2355.jpg,5
2356.jpg,5
2357.jpg,5
2358.jpg,4
2359.jpg,2
2360.jpg,3
2361.jpg,3
2362.jpg,6
2363.jpg,5
2364.jpg,2
2365.jpg,6
2366.jpg,3
2367.jpg,1
2368.jpg,5
2369.jpg,1
2370.jpg,5
2371.jpg,1
2372.jpg,2
2373.jpg,6
2374.jpg,5
2375.jpg,3
2376.jpg,5
2377.jpg,3
2378.jpg,5
2379.jpg,2
2380.jpg,2
2381.jpg,1
2382.jpg,3
2383.jpg,5
2384.jpg,5
2385.jpg,1
2386.jpg,6
2387.jpg,2
2388.jpg,1
2389.jpg,3
2390.jpg,4
2391.jpg,1
2392.jpg,1
2393.jpg,3
2394.jpg,4
2395.jpg,2
2396.jpg,2
2397.jpg,6
2398.jpg,3
2399.jpg,3
2400.jpg,3
